,Датум,Цена на последна трансакција,Мак.,Мин.,Просечна цена,%пром.,Количина,Промет во БЕСТ во денари,Вкупен промет во денари
0,30.12.2014,"1.000,00",,,"1.000,00","0,00",0,"0,00","0,00"
1,29.12.2014,"1.000,00",,,"1.000,00","0,00",0,"0,00","0,00"
2,26.12.2014,"1.000,00",,,"1.000,00","0,00",0,"0,00","0,00"
3,25.12.2014,"1.000,00",,,"1.000,00","0,00",0,"0,00","0,00"
4,24.12.2014,"1.000,00",,,"1.000,00","0,00",0,"0,00","0,00"
5,23.12.2014,"1.000,00",,,"1.000,00","0,00",0,"0,00","0,00"
6,22.12.2014,"1.000,00",,,"1.000,00","0,00",0,"0,00","0,00"
7,19.12.2014,"1.000,00",,,"1.000,00","0,00",0,"0,00","0,00"
8,18.12.2014,"1.000,00",,,"1.000,00","0,00",0,"0,00","0,00"
9,17.12.2014,"1.000,00",,,"1.000,00","0,00",0,"0,00","0,00"
10,16.12.2014,"1.000,00",,,"1.000,00","0,00",0,"0,00","0,00"
11,15.12.2014,"1.000,00",,,"1.000,00","0,00",0,"0,00","0,00"
12,12.12.2014,"1.000,00",,,"1.000,00","0,00",0,"0,00","0,00"
13,11.12.2014,"1.000,00",,,"1.000,00","0,00",0,"0,00","0,00"
14,10.12.2014,"1.000,00",,,"1.000,00","0,00",0,"0,00","0,00"
15,09.12.2014,"1.000,00",,,"1.000,00","0,00",0,"0,00","0,00"
16,05.12.2014,"1.000,00",,,"1.000,00","0,00",0,"0,00","0,00"
17,04.12.2014,"1.000,00",,,"1.000,00","0,00",0,"0,00","0,00"
18,02.12.2014,"1.000,00",,,"1.000,00","0,00",0,"0,00","0,00"
19,01.12.2014,"1.000,00",,,"1.000,00","0,00",0,"0,00","0,00"
20,28.11.2014,"1.000,00",,,"1.000,00","0,00",0,"0,00","0,00"
21,27.11.2014,"1.000,00",,,"1.000,00","0,00",0,"0,00","0,00"
22,26.11.2014,"1.000,00",,,"1.000,00","0,00",0,"0,00","0,00"
23,25.11.2014,"1.000,00",,,"1.000,00","0,00",0,"0,00","0,00"
24,24.11.2014,"1.000,00",,,"1.000,00","0,00",0,"0,00","0,00"
25,21.11.2014,"1.000,00",,,"1.000,00","0,00",0,"0,00","0,00"
26,20.11.2014,"1.000,00",,,"1.000,00","0,00",0,"0,00","0,00"
27,19.11.2014,"1.000,00",,,"1.000,00","0,00",0,"0,00","0,00"
28,18.11.2014,"1.000,00",,,"1.000,00","0,00",0,"0,00","0,00"
29,17.11.2014,"1.000,00",,,"1.000,00","0,00",0,"0,00","0,00"
30,14.11.2014,"1.000,00",,,"1.000,00","0,00",0,"0,00","0,00"
31,13.11.2014,"1.000,00",,,"1.000,00","0,00",0,"0,00","0,00"
32,12.11.2014,"1.000,00",,,"1.000,00","0,00",0,"0,00","0,00"
33,11.11.2014,"1.000,00",,,"1.000,00","0,00",0,"0,00","0,00"
34,10.11.2014,"1.000,00",,,"1.000,00","0,00",0,"0,00","0,00"
35,07.11.2014,"1.000,00",,,"1.000,00","0,00",0,"0,00","0,00"
36,06.11.2014,"1.000,00",,,"1.000,00","0,00",0,"0,00","0,00"
37,05.11.2014,"1.000,00",,,"1.000,00","0,00",0,"0,00","0,00"
38,04.11.2014,"1.000,00",,,"1.000,00","0,00",0,"0,00","0,00"
39,03.11.2014,"1.000,00",,,"1.000,00","0,00",0,"0,00","0,00"
40,31.10.2014,"1.000,00",,,"1.000,00","0,00",0,"0,00","0,00"
41,30.10.2014,"1.000,00",,,"1.000,00","0,00",0,"0,00","0,00"
42,29.10.2014,"1.000,00",,,"1.000,00","0,00",0,"0,00","0,00"
43,28.10.2014,"1.000,00",,,"1.000,00","0,00",0,"0,00","0,00"
44,27.10.2014,"1.000,00",,,"1.000,00","0,00",0,"0,00","0,00"
45,24.10.2014,"1.000,00",,,"1.000,00","0,00",0,"0,00","0,00"
46,22.10.2014,"1.000,00",,,"1.000,00","0,00",0,"0,00","0,00"
47,21.10.2014,"1.000,00",,,"1.000,00","0,00",0,"0,00","0,00"
48,20.10.2014,"1.000,00",,,"1.000,00","0,00",0,"0,00","0,00"
49,17.10.2014,"1.000,00",,,"1.000,00","0,00",0,"0,00","0,00"
50,16.10.2014,"1.000,00",,,"1.000,00","0,00",0,"0,00","0,00"
51,15.10.2014,"1.000,00",,,"1.000,00","0,00",0,"0,00","0,00"
52,14.10.2014,"1.000,00",,,"1.000,00","0,00",0,"0,00","0,00"
53,13.10.2014,"1.000,00",,,"1.000,00","0,00",0,"0,00","0,00"
54,10.10.2014,"1.000,00",,,"1.000,00","0,00",0,"0,00","0,00"
55,09.10.2014,"1.000,00",,,"1.000,00","0,00",0,"0,00","0,00"
56,08.10.2014,"1.000,00",,,"1.000,00","0,00",0,"0,00","0,00"
57,07.10.2014,"1.000,00",,,"1.000,00","0,00",0,"0,00","0,00"
58,06.10.2014,"1.000,00",,,"1.000,00","0,00",0,"0,00","0,00"
59,03.10.2014,"1.000,00",,,"1.000,00","0,00",0,"0,00","0,00"
60,02.10.2014,"1.000,00",,,"1.000,00","0,00",0,"0,00","0,00"
61,01.10.2014,"1.000,00",,,"1.000,00","0,00",0,"0,00","0,00"
62,30.9.2014,"1.000,00",,,"1.000,00","0,00",0,"0,00","0,00"
63,29.9.2014,"1.000,00",,,"1.000,00","0,00",0,"0,00","0,00"
64,26.9.2014,"1.000,00",,,"1.000,00","0,00",0,"0,00","0,00"
65,25.9.2014,"1.000,00",,,"1.000,00","0,00",0,"0,00","0,00"
66,24.9.2014,"1.000,00",,,"1.000,00","0,00",0,"0,00","0,00"
67,23.9.2014,"1.000,00",,,"1.000,00","0,00",0,"0,00","0,00"
68,22.9.2014,"1.000,00",,,"1.000,00","0,00",0,"0,00","0,00"
69,19.9.2014,"1.000,00",,,"1.000,00","0,00",0,"0,00","0,00"
70,18.9.2014,"1.000,00",,,"1.000,00","0,00",0,"0,00","0,00"
71,17.9.2014,"1.000,00",,,"1.000,00","0,00",0,"0,00","0,00"
72,16.9.2014,"1.000,00",,,"1.000,00","0,00",0,"0,00","0,00"
73,15.9.2014,"1.000,00",,,"1.000,00","0,00",0,"0,00","0,00"
74,12.9.2014,"1.000,00",,,"1.000,00","0,00",0,"0,00","0,00"
75,11.9.2014,"1.000,00",,,"1.000,00","0,00",0,"0,00","0,00"
76,10.9.2014,"1.000,00",,,"1.000,00","0,00",0,"0,00","0,00"
77,09.9.2014,"1.000,00",,,"1.000,00","0,00",0,"0,00","0,00"
78,05.9.2014,"1.000,00",,,"1.000,00","0,00",0,"0,00","0,00"
79,04.9.2014,"1.000,00",,,"1.000,00","0,00",0,"0,00","0,00"
80,03.9.2014,"1.000,00",,,"1.000,00","0,00",0,"0,00","0,00"
81,02.9.2014,"1.000,00",,,"1.000,00","0,00",0,"0,00","0,00"
82,01.9.2014,"1.000,00",,,"1.000,00","0,00",0,"0,00","0,00"
83,29.8.2014,"1.000,00",,,"1.000,00","0,00",0,"0,00","0,00"
84,27.8.2014,"1.000,00",,,"1.000,00","0,00",0,"0,00","0,00"
85,26.8.2014,"1.000,00",,,"1.000,00","0,00",0,"0,00","0,00"
86,25.8.2014,"1.000,00",,,"1.000,00","0,00",0,"0,00","0,00"
87,22.8.2014,"1.000,00",,,"1.000,00","0,00",0,"0,00","0,00"
88,21.8.2014,"1.000,00",,,"1.000,00","0,00",0,"0,00","0,00"
89,20.8.2014,"1.000,00",,,"1.000,00","0,00",0,"0,00","0,00"
90,19.8.2014,"1.000,00",,,"1.000,00","0,00",0,"0,00","0,00"
91,18.8.2014,"1.000,00",,,"1.000,00","0,00",0,"0,00","0,00"
92,15.8.2014,"1.000,00",,,"1.000,00","0,00",0,"0,00","0,00"
93,14.8.2014,"1.000,00",,,"1.000,00","0,00",0,"0,00","0,00"
94,13.8.2014,"1.000,00",,,"1.000,00","0,00",0,"0,00","0,00"
95,12.8.2014,"1.000,00",,,"1.000,00","0,00",0,"0,00","0,00"
96,11.8.2014,"1.000,00",,,"1.000,00","0,00",0,"0,00","0,00"
97,08.8.2014,"1.000,00",,,"1.000,00","0,00",0,"0,00","0,00"
98,07.8.2014,"1.000,00",,,"1.000,00","0,00",0,"0,00","0,00"
99,06.8.2014,"1.000,00",,,"1.000,00","0,00",0,"0,00","0,00"
100,05.8.2014,"1.000,00",,,"1.000,00","0,00",0,"0,00","0,00"
101,04.8.2014,"1.000,00",,,"1.000,00","0,00",0,"0,00","0,00"
102,01.8.2014,"1.000,00",,,"1.000,00","0,00",0,"0,00","0,00"
103,31.7.2014,"1.000,00",,,"1.000,00","0,00",0,"0,00","0,00"
104,30.7.2014,"1.000,00",,,"1.000,00","0,00",0,"0,00","0,00"
105,29.7.2014,"1.000,00",,,"1.000,00","0,00",0,"0,00","0,00"
106,25.7.2014,"1.000,00",,,"1.000,00","0,00",0,"0,00","0,00"
107,24.7.2014,"1.000,00",,,"1.000,00","0,00",0,"0,00","0,00"
108,23.7.2014,"1.000,00",,,"1.000,00","0,00",0,"0,00","0,00"
109,22.7.2014,"1.000,00",,,"1.000,00","0,00",0,"0,00","0,00"
110,21.7.2014,"1.000,00",,,"1.000,00","0,00",0,"0,00","0,00"
111,18.7.2014,"1.000,00",,,"1.000,00","0,00",0,"0,00","0,00"
112,17.7.2014,"1.000,00",,,"1.000,00","0,00",0,"0,00","0,00"
113,16.7.2014,"1.000,00",,,"1.000,00","0,00",0,"0,00","0,00"
114,15.7.2014,"1.000,00",,,"1.000,00","0,00",0,"0,00","0,00"
115,14.7.2014,"1.000,00",,,"1.000,00","0,00",0,"0,00","0,00"
116,11.7.2014,"1.000,00",,,"1.000,00","0,00",0,"0,00","0,00"
117,10.7.2014,"1.000,00",,,"1.000,00","0,00",0,"0,00","0,00"
118,09.7.2014,"1.000,00",,,"1.000,00","0,00",0,"0,00","0,00"
119,08.7.2014,"1.000,00",,,"1.000,00","0,00",0,"0,00","0,00"
120,07.7.2014,"1.000,00",,,"1.000,00","0,00",0,"0,00","0,00"
121,04.7.2014,"1.000,00",,,"1.000,00","0,00",0,"0,00","0,00"
122,03.7.2014,"1.000,00",,,"1.000,00","0,00",0,"0,00","0,00"
123,02.7.2014,"1.000,00",,,"1.000,00","0,00",0,"0,00","0,00"
124,01.7.2014,"1.000,00",,,"1.000,00","0,00",0,"0,00","0,00"
125,30.6.2014,"1.000,00",,,"1.000,00","0,00",0,"0,00","0,00"
126,27.6.2014,"1.000,00",,,"1.000,00","0,00",0,"0,00","0,00"
127,26.6.2014,"1.000,00",,,"1.000,00","0,00",0,"0,00","0,00"
128,25.6.2014,"1.000,00",,,"1.000,00","0,00",0,"0,00","0,00"
129,24.6.2014,"1.000,00",,,"1.000,00","0,00",0,"0,00","0,00"
130,23.6.2014,"1.000,00",,,"1.000,00","0,00",0,"0,00","0,00"
131,20.6.2014,"1.000,00",,,"1.000,00","0,00",0,"0,00","0,00"
132,19.6.2014,"1.000,00",,,"1.000,00","0,00",0,"0,00","0,00"
133,18.6.2014,"1.000,00",,,"1.000,00","0,00",0,"0,00","0,00"
134,17.6.2014,"1.000,00",,,"1.000,00","0,00",0,"0,00","0,00"
135,16.6.2014,"1.000,00",,,"1.000,00","0,00",0,"0,00","0,00"
136,13.6.2014,"1.000,00",,,"1.000,00","0,00",0,"0,00","0,00"
137,12.6.2014,"1.000,00",,,"1.000,00","0,00",0,"0,00","0,00"
138,11.6.2014,"1.000,00",,,"1.000,00","0,00",0,"0,00","0,00"
139,10.6.2014,"1.000,00",,,"1.000,00","0,00",0,"0,00","0,00"
140,09.6.2014,"1.000,00",,,"1.000,00","0,00",0,"0,00","0,00"
141,05.6.2014,"1.000,00",,,"1.000,00","0,00",0,"0,00","0,00"
142,04.6.2014,"1.000,00",,,"1.000,00","0,00",0,"0,00","0,00"
143,03.6.2014,"1.000,00",,,"1.000,00","0,00",0,"0,00","0,00"
144,02.6.2014,"1.000,00",,,"1.000,00","0,00",0,"0,00","0,00"
145,30.5.2014,"1.000,00",,,"1.000,00","0,00",0,"0,00","0,00"
146,29.5.2014,"1.000,00",,,"1.000,00","0,00",0,"0,00","0,00"
147,28.5.2014,"1.000,00",,,"1.000,00","0,00",0,"0,00","0,00"
148,27.5.2014,"1.000,00",,,"1.000,00","0,00",0,"0,00","0,00"
149,26.5.2014,"1.000,00",,,"1.000,00","0,00",0,"0,00","0,00"
150,23.5.2014,"1.000,00",,,"1.000,00","0,00",0,"0,00","0,00"
151,22.5.2014,"1.000,00",,,"1.000,00","0,00",0,"0,00","0,00"
152,21.5.2014,"1.000,00",,,"1.000,00","0,00",0,"0,00","0,00"
153,20.5.2014,"1.000,00",,,"1.000,00","0,00",0,"0,00","0,00"
154,19.5.2014,"1.000,00",,,"1.000,00","0,00",0,"0,00","0,00"
155,16.5.2014,"1.000,00",,,"1.000,00","0,00",0,"0,00","0,00"
156,15.5.2014,"1.000,00",,,"1.000,00","0,00",0,"0,00","0,00"
157,14.5.2014,"1.000,00",,,"1.000,00","0,00",0,"0,00","0,00"
158,13.5.2014,"1.000,00",,,"1.000,00","0,00",0,"0,00","0,00"
159,12.5.2014,"1.000,00",,,"1.000,00","0,00",0,"0,00","0,00"
160,09.5.2014,"1.000,00",,,"1.000,00","0,00",0,"0,00","0,00"
161,08.5.2014,"1.000,00",,,"1.000,00","0,00",0,"0,00","0,00"
162,07.5.2014,"1.000,00",,,"1.000,00","0,00",0,"0,00","0,00"
163,06.5.2014,"1.000,00",,,"1.000,00","0,00",0,"0,00","0,00"
164,05.5.2014,"1.000,00",,,"1.000,00","0,00",0,"0,00","0,00"
165,02.5.2014,"1.000,00",,,"1.000,00","0,00",0,"0,00","0,00"
166,30.4.2014,"1.000,00",,,"1.000,00","0,00",0,"0,00","0,00"
167,29.4.2014,"1.000,00",,,"1.000,00","0,00",0,"0,00","0,00"
168,28.4.2014,"1.000,00",,,"1.000,00","0,00",0,"0,00","0,00"
169,25.4.2014,"1.000,00",,,"1.000,00","0,00",0,"0,00","0,00"
170,24.4.2014,"1.000,00",,,"1.000,00","0,00",0,"0,00","0,00"
171,23.4.2014,"1.000,00",,,"1.000,00","0,00",0,"0,00","0,00"
172,22.4.2014,"1.000,00",,,"1.000,00","0,00",0,"0,00","0,00"
173,17.4.2014,"1.000,00",,,"1.000,00","0,00",0,"0,00","0,00"
174,16.4.2014,"1.000,00",,,"1.000,00","0,00",0,"0,00","0,00"
175,15.4.2014,"1.000,00",,,"1.000,00","0,00",0,"0,00","0,00"
176,14.4.2014,"1.000,00",,,"1.000,00","0,00",0,"0,00","0,00"
177,11.4.2014,"1.000,00",,,"1.000,00","0,00",0,"0,00","0,00"
178,10.4.2014,"1.000,00",,,"1.000,00","0,00",0,"0,00","0,00"
179,09.4.2014,"1.000,00",,,"1.000,00","0,00",0,"0,00","0,00"
180,08.4.2014,"1.000,00",,,"1.000,00","0,00",0,"0,00","0,00"
181,07.4.2014,"1.000,00",,,"1.000,00","0,00",0,"0,00","0,00"
182,04.4.2014,"1.000,00",,,"1.000,00","0,00",0,"0,00","0,00"
183,03.4.2014,"1.000,00",,,"1.000,00","0,00",0,"0,00","0,00"
184,02.4.2014,"1.000,00",,,"1.000,00","0,00",0,"0,00","0,00"
185,01.4.2014,"1.000,00",,,"1.000,00","0,00",0,"0,00","0,00"
186,31.3.2014,"1.000,00",,,"1.000,00","0,00",0,"0,00","0,00"
187,28.3.2014,"1.000,00",,,"1.000,00","0,00",0,"0,00","0,00"
188,27.3.2014,"1.000,00",,,"1.000,00","0,00",0,"0,00","0,00"
189,26.3.2014,"1.000,00",,,"1.000,00","0,00",0,"0,00","0,00"
190,25.3.2014,"1.000,00",,,"1.000,00","0,00",0,"0,00","0,00"
191,24.3.2014,"1.000,00",,,"1.000,00","0,00",0,"0,00","0,00"
192,21.3.2014,"1.000,00",,,"1.000,00","0,00",0,"0,00","0,00"
193,20.3.2014,"1.000,00",,,"1.000,00","0,00",0,"0,00","0,00"
194,19.3.2014,"1.000,00",,,"1.000,00","0,00",0,"0,00","0,00"
195,18.3.2014,"1.000,00",,,"1.000,00","0,00",0,"0,00","0,00"
196,17.3.2014,"1.000,00",,,"1.000,00","0,00",0,"0,00","0,00"
197,14.3.2014,"1.000,00",,,"1.000,00","0,00",0,"0,00","0,00"
198,13.3.2014,"1.000,00",,,"1.000,00","0,00",0,"0,00","0,00"
199,12.3.2014,"1.000,00",,,"1.000,00","0,00",0,"0,00","0,00"
200,11.3.2014,"1.000,00",,,"1.000,00","0,00",0,"0,00","0,00"
201,10.3.2014,"1.000,00",,,"1.000,00","0,00",0,"0,00","0,00"
202,07.3.2014,"1.000,00",,,"1.000,00","0,00",0,"0,00","0,00"
203,06.3.2014,"1.000,00",,,"1.000,00","0,00",0,"0,00","0,00"
204,05.3.2014,"1.000,00",,,"1.000,00","0,00",0,"0,00","0,00"
205,04.3.2014,"1.000,00",,,"1.000,00","0,00",0,"0,00","0,00"
206,03.3.2014,"1.000,00",,,"1.000,00","0,00",0,"0,00","0,00"
207,28.2.2014,"1.000,00",,,"1.000,00","0,00",0,"0,00","0,00"
208,27.2.2014,"1.000,00",,,"1.000,00","0,00",0,"0,00","0,00"
209,26.2.2014,"1.000,00",,,"1.000,00","0,00",0,"0,00","0,00"
210,25.2.2014,"1.000,00",,,"1.000,00","0,00",0,"0,00","0,00"
211,24.2.2014,"1.000,00",,,"1.000,00","0,00",0,"0,00","0,00"
212,21.2.2014,"1.000,00",,,"1.000,00","0,00",0,"0,00","0,00"
213,20.2.2014,"1.000,00",,,"1.000,00","0,00",0,"0,00","0,00"
214,19.2.2014,"1.000,00",,,"1.000,00","0,00",0,"0,00","0,00"
215,18.2.2014,"1.000,00",,,"1.000,00","0,00",0,"0,00","0,00"
216,17.2.2014,"1.000,00",,,"1.000,00","0,00",0,"0,00","0,00"
217,14.2.2014,"1.000,00",,,"1.000,00","0,00",0,"0,00","0,00"
218,13.2.2014,"1.000,00",,,"1.000,00","0,00",0,"0,00","0,00"
219,12.2.2014,"1.000,00",,,"1.000,00","0,00",0,"0,00","0,00"
220,11.2.2014,"1.000,00",,,"1.000,00","0,00",0,"0,00","0,00"
221,10.2.2014,"1.000,00",,,"1.000,00","0,00",0,"0,00","0,00"
222,07.2.2014,"1.000,00",,,"1.000,00","0,00",0,"0,00","0,00"
223,06.2.2014,"1.000,00",,,"1.000,00","0,00",0,"0,00","0,00"
224,05.2.2014,"1.000,00",,,"1.000,00","0,00",0,"0,00","0,00"
225,04.2.2014,"1.000,00",,,"1.000,00","0,00",0,"0,00","0,00"
226,03.2.2014,"1.000,00",,,"1.000,00","0,00",0,"0,00","0,00"
227,31.1.2014,"1.000,00",,,"1.000,00","0,00",0,"0,00","0,00"
228,30.1.2014,"1.000,00",,,"1.000,00","0,00",0,"0,00","0,00"
229,29.1.2014,"1.000,00",,,"1.000,00","0,00",0,"0,00","0,00"
230,28.1.2014,"1.000,00",,,"1.000,00","0,00",0,"0,00","0,00"
231,27.1.2014,"1.000,00",,,"1.000,00","0,00",0,"0,00","0,00"
232,24.1.2014,"1.000,00",,,"1.000,00","0,00",0,"0,00","0,00"
233,23.1.2014,"1.000,00",,,"1.000,00","0,00",0,"0,00","0,00"
234,22.1.2014,"1.000,00",,,"1.000,00","0,00",0,"0,00","0,00"
235,21.1.2014,"1.000,00",,,"1.000,00","0,00",0,"0,00","0,00"
236,20.1.2014,"1.000,00",,,"1.000,00","0,00",0,"0,00","0,00"
237,17.1.2014,"1.000,00",,,"1.000,00","0,00",0,"0,00","0,00"
238,16.1.2014,"1.000,00",,,"1.000,00","0,00",0,"0,00","0,00"
239,15.1.2014,"1.000,00",,,"1.000,00","0,00",0,"0,00","0,00"
240,14.1.2014,"1.000,00",,,"1.000,00","0,00",0,"0,00","0,00"
241,13.1.2014,"1.000,00",,,"1.000,00","0,00",0,"0,00","0,00"
242,10.1.2014,"1.000,00",,,"1.000,00","0,00",0,"0,00","0,00"
243,09.1.2014,"1.000,00",,,"1.000,00","0,00",0,"0,00","0,00"
244,08.1.2014,"1.000,00",,,"1.000,00","0,00",0,"0,00","0,00"
245,03.1.2014,"1.000,00",,,"1.000,00","0,00",0,"0,00","0,00"
246,02.1.2014,"1.000,00",,,"1.000,00","0,00",0,"0,00","0,00"
247,29.12.2015,"1.000,00",,,"1.000,00","0,00",0,"0,00","0,00"
248,28.12.2015,"1.000,00",,,"1.000,00","0,00",0,"0,00","0,00"
249,25.12.2015,"1.000,00",,,"1.000,00","0,00",0,"0,00","0,00"
250,24.12.2015,"1.000,00",,,"1.000,00","0,00",0,"0,00","0,00"
251,23.12.2015,"1.000,00",,,"1.000,00","0,00",0,"0,00","0,00"
252,22.12.2015,"1.000,00",,,"1.000,00","0,00",0,"0,00","0,00"
253,21.12.2015,"1.000,00",,,"1.000,00","0,00",0,"0,00","0,00"
254,18.12.2015,"1.000,00",,,"1.000,00","0,00",0,"0,00","0,00"
255,17.12.2015,"1.000,00",,,"1.000,00","0,00",0,"0,00","0,00"
256,16.12.2015,"1.000,00",,,"1.000,00","0,00",0,"0,00","0,00"
257,15.12.2015,"1.000,00",,,"1.000,00","0,00",0,"0,00","0,00"
258,14.12.2015,"1.000,00",,,"1.000,00","0,00",0,"0,00","0,00"
259,11.12.2015,"1.000,00",,,"1.000,00","0,00",0,"0,00","0,00"
260,10.12.2015,"1.000,00",,,"1.000,00","0,00",0,"0,00","0,00"
261,09.12.2015,"1.000,00",,,"1.000,00","0,00",0,"0,00","0,00"
262,07.12.2015,"1.000,00",,,"1.000,00","0,00",0,"0,00","0,00"
263,04.12.2015,"1.000,00",,,"1.000,00","0,00",0,"0,00","0,00"
264,03.12.2015,"1.000,00",,,"1.000,00","0,00",0,"0,00","0,00"
265,01.12.2015,"1.000,00",,,"1.000,00","0,00",0,"0,00","0,00"
266,30.11.2015,"1.000,00",,,"1.000,00","0,00",0,"0,00","0,00"
267,27.11.2015,"1.000,00",,,"1.000,00","0,00",0,"0,00","0,00"
268,26.11.2015,"1.000,00",,,"1.000,00","0,00",0,"0,00","0,00"
269,25.11.2015,"1.000,00",,,"1.000,00","0,00",0,"0,00","0,00"
270,24.11.2015,"1.000,00",,,"1.000,00","0,00",0,"0,00","0,00"
271,23.11.2015,"1.000,00",,,"1.000,00","0,00",0,"0,00","0,00"
272,20.11.2015,"1.000,00",,,"1.000,00","0,00",0,"0,00","0,00"
273,19.11.2015,"1.000,00",,,"1.000,00","0,00",0,"0,00","0,00"
274,18.11.2015,"1.000,00",,,"1.000,00","0,00",0,"0,00","0,00"
275,17.11.2015,"1.000,00",,,"1.000,00","0,00",0,"0,00","0,00"
276,16.11.2015,"1.000,00",,,"1.000,00","0,00",0,"0,00","0,00"
277,13.11.2015,"1.000,00",,,"1.000,00","0,00",0,"0,00","0,00"
278,12.11.2015,"1.000,00",,,"1.000,00","0,00",0,"0,00","0,00"
279,11.11.2015,"1.000,00",,,"1.000,00","0,00",0,"0,00","0,00"
280,10.11.2015,"1.000,00",,,"1.000,00","0,00",0,"0,00","0,00"
281,09.11.2015,"1.000,00",,,"1.000,00","0,00",0,"0,00","0,00"
282,06.11.2015,"1.000,00",,,"1.000,00","0,00",0,"0,00","0,00"
283,05.11.2015,"1.000,00",,,"1.000,00","0,00",0,"0,00","0,00"
284,04.11.2015,"1.000,00",,,"1.000,00","0,00",0,"0,00","0,00"
285,03.11.2015,"1.000,00",,,"1.000,00","0,00",0,"0,00","0,00"
286,02.11.2015,"1.000,00",,,"1.000,00","0,00",0,"0,00","0,00"
287,30.10.2015,"1.000,00",,,"1.000,00","0,00",0,"0,00","0,00"
288,29.10.2015,"1.000,00",,,"1.000,00","0,00",0,"0,00","0,00"
289,28.10.2015,"1.000,00",,,"1.000,00","0,00",0,"0,00","0,00"
290,27.10.2015,"1.000,00",,,"1.000,00","0,00",0,"0,00","0,00"
291,26.10.2015,"1.000,00",,,"1.000,00","0,00",0,"0,00","0,00"
292,22.10.2015,"1.000,00",,,"1.000,00","0,00",0,"0,00","0,00"
293,21.10.2015,"1.000,00",,,"1.000,00","0,00",0,"0,00","0,00"
294,20.10.2015,"1.000,00",,,"1.000,00","0,00",0,"0,00","0,00"
295,19.10.2015,"1.000,00",,,"1.000,00","0,00",0,"0,00","0,00"
296,16.10.2015,"1.000,00",,,"1.000,00","0,00",0,"0,00","0,00"
297,15.10.2015,"1.000,00",,,"1.000,00","0,00",0,"0,00","0,00"
298,14.10.2015,"1.000,00",,,"1.000,00","0,00",0,"0,00","0,00"
299,13.10.2015,"1.000,00",,,"1.000,00","0,00",0,"0,00","0,00"
300,09.10.2015,"1.000,00",,,"1.000,00","0,00",0,"0,00","0,00"
301,08.10.2015,"1.000,00",,,"1.000,00","0,00",0,"0,00","0,00"
302,07.10.2015,"1.000,00",,,"1.000,00","0,00",0,"0,00","0,00"
303,06.10.2015,"1.000,00",,,"1.000,00","0,00",0,"0,00","0,00"
304,05.10.2015,"1.000,00",,,"1.000,00","0,00",0,"0,00","0,00"
305,02.10.2015,"1.000,00",,,"1.000,00","0,00",0,"0,00","0,00"
306,01.10.2015,"1.000,00",,,"1.000,00","0,00",0,"0,00","0,00"
307,30.9.2015,"1.000,00",,,"1.000,00","0,00",0,"0,00","0,00"
308,29.9.2015,"1.000,00",,,"1.000,00","0,00",0,"0,00","0,00"
309,28.9.2015,"1.000,00",,,"1.000,00","0,00",0,"0,00","0,00"
310,25.9.2015,"1.000,00",,,"1.000,00","0,00",0,"0,00","0,00"
311,24.9.2015,"1.000,00",,,"1.000,00","0,00",0,"0,00","0,00"
312,23.9.2015,"1.000,00",,,"1.000,00","0,00",0,"0,00","0,00"
313,22.9.2015,"1.000,00",,,"1.000,00","0,00",0,"0,00","0,00"
314,21.9.2015,"1.000,00",,,"1.000,00","0,00",0,"0,00","0,00"
315,18.9.2015,"1.000,00",,,"1.000,00","0,00",0,"0,00","0,00"
316,17.9.2015,"1.000,00",,,"1.000,00","0,00",0,"0,00","0,00"
317,16.9.2015,"1.000,00",,,"1.000,00","0,00",0,"0,00","0,00"
318,15.9.2015,"1.000,00",,,"1.000,00","0,00",0,"0,00","0,00"
319,14.9.2015,"1.000,00",,,"1.000,00","0,00",0,"0,00","0,00"
320,11.9.2015,"1.000,00",,,"1.000,00","0,00",0,"0,00","0,00"
321,10.9.2015,"1.000,00",,,"1.000,00","0,00",0,"0,00","0,00"
322,09.9.2015,"1.000,00",,,"1.000,00","0,00",0,"0,00","0,00"
323,07.9.2015,"1.000,00",,,"1.000,00","0,00",0,"0,00","0,00"
324,04.9.2015,"1.000,00",,,"1.000,00","0,00",0,"0,00","0,00"
325,03.9.2015,"1.000,00",,,"1.000,00","0,00",0,"0,00","0,00"
326,02.9.2015,"1.000,00",,,"1.000,00","0,00",0,"0,00","0,00"
327,01.9.2015,"1.000,00",,,"1.000,00","0,00",0,"0,00","0,00"
328,31.8.2015,"1.000,00",,,"1.000,00","0,00",0,"0,00","0,00"
329,27.8.2015,"1.000,00",,,"1.000,00","0,00",0,"0,00","0,00"
330,26.8.2015,"1.000,00",,,"1.000,00","0,00",0,"0,00","0,00"
331,25.8.2015,"1.000,00",,,"1.000,00","0,00",0,"0,00","0,00"
332,24.8.2015,"1.000,00",,,"1.000,00","0,00",0,"0,00","0,00"
333,21.8.2015,"1.000,00",,,"1.000,00","0,00",0,"0,00","0,00"
334,20.8.2015,"1.000,00",,,"1.000,00","0,00",0,"0,00","0,00"
335,19.8.2015,"1.000,00",,,"1.000,00","0,00",0,"0,00","0,00"
336,18.8.2015,"1.000,00",,,"1.000,00","0,00",0,"0,00","0,00"
337,17.8.2015,"1.000,00",,,"1.000,00","0,00",0,"0,00","0,00"
338,14.8.2015,"1.000,00",,,"1.000,00","0,00",0,"0,00","0,00"
339,13.8.2015,"1.000,00",,,"1.000,00","0,00",0,"0,00","0,00"
340,12.8.2015,"1.000,00",,,"1.000,00","0,00",0,"0,00","0,00"
341,11.8.2015,"1.000,00",,,"1.000,00","0,00",0,"0,00","0,00"
342,10.8.2015,"1.000,00",,,"1.000,00","0,00",0,"0,00","0,00"
343,07.8.2015,"1.000,00",,,"1.000,00","0,00",0,"0,00","0,00"
344,06.8.2015,"1.000,00",,,"1.000,00","0,00",0,"0,00","0,00"
345,05.8.2015,"1.000,00",,,"1.000,00","0,00",0,"0,00","0,00"
346,04.8.2015,"1.000,00",,,"1.000,00","0,00",0,"0,00","0,00"
347,31.7.2015,"1.000,00",,,"1.000,00","0,00",0,"0,00","0,00"
348,30.7.2015,"1.000,00",,,"1.000,00","0,00",0,"0,00","0,00"
349,29.7.2015,"1.000,00",,,"1.000,00","0,00",0,"0,00","0,00"
350,28.7.2015,"1.000,00",,,"1.000,00","0,00",0,"0,00","0,00"
351,27.7.2015,"1.000,00",,,"1.000,00","0,00",0,"0,00","0,00"
352,24.7.2015,"1.000,00",,,"1.000,00","0,00",0,"0,00","0,00"
353,23.7.2015,"1.000,00",,,"1.000,00","0,00",0,"0,00","0,00"
354,22.7.2015,"1.000,00",,,"1.000,00","0,00",0,"0,00","0,00"
355,21.7.2015,"1.000,00",,,"1.000,00","0,00",0,"0,00","0,00"
356,20.7.2015,"1.000,00",,,"1.000,00","0,00",0,"0,00","0,00"
357,16.7.2015,"1.000,00",,,"1.000,00","0,00",0,"0,00","0,00"
358,15.7.2015,"1.000,00",,,"1.000,00","0,00",0,"0,00","0,00"
359,14.7.2015,"1.000,00",,,"1.000,00","0,00",0,"0,00","0,00"
360,13.7.2015,"1.000,00",,,"1.000,00","0,00",0,"0,00","0,00"
361,10.7.2015,"1.000,00",,,"1.000,00","0,00",0,"0,00","0,00"
362,09.7.2015,"1.000,00",,,"1.000,00","0,00",0,"0,00","0,00"
363,08.7.2015,"1.000,00",,,"1.000,00","0,00",0,"0,00","0,00"
364,07.7.2015,"1.000,00",,,"1.000,00","0,00",0,"0,00","0,00"
365,06.7.2015,"1.000,00",,,"1.000,00","0,00",0,"0,00","0,00"
366,03.7.2015,"1.000,00",,,"1.000,00","0,00",0,"0,00","0,00"
367,02.7.2015,"1.000,00",,,"1.000,00","0,00",0,"0,00","0,00"
368,01.7.2015,"1.000,00",,,"1.000,00","0,00",0,"0,00","0,00"
369,30.6.2015,"1.000,00",,,"1.000,00","0,00",0,"0,00","0,00"
370,29.6.2015,"1.000,00",,,"1.000,00","0,00",0,"0,00","0,00"
371,26.6.2015,"1.000,00",,,"1.000,00","0,00",0,"0,00","0,00"
372,25.6.2015,"1.000,00",,,"1.000,00","0,00",0,"0,00","0,00"
373,24.6.2015,"1.000,00",,,"1.000,00","0,00",0,"0,00","0,00"
374,23.6.2015,"1.000,00",,,"1.000,00","0,00",0,"0,00","0,00"
375,22.6.2015,"1.000,00",,,"1.000,00","0,00",0,"0,00","0,00"
376,19.6.2015,"1.000,00",,,"1.000,00","0,00",0,"0,00","0,00"
377,18.6.2015,"1.000,00",,,"1.000,00","0,00",0,"0,00","0,00"
378,17.6.2015,"1.000,00",,,"1.000,00","0,00",0,"0,00","0,00"
379,16.6.2015,"1.000,00",,,"1.000,00","0,00",0,"0,00","0,00"
380,15.6.2015,"1.000,00",,,"1.000,00","0,00",0,"0,00","0,00"
381,12.6.2015,"1.000,00",,,"1.000,00","0,00",0,"0,00","0,00"
382,11.6.2015,"1.000,00",,,"1.000,00","0,00",0,"0,00","0,00"
383,10.6.2015,"1.000,00",,,"1.000,00","0,00",0,"0,00","0,00"
384,09.6.2015,"1.000,00",,,"1.000,00","0,00",0,"0,00","0,00"
385,08.6.2015,"1.000,00",,,"1.000,00","0,00",0,"0,00","0,00"
386,05.6.2015,"1.000,00",,,"1.000,00","0,00",0,"0,00","0,00"
387,04.6.2015,"1.000,00",,,"1.000,00","0,00",0,"0,00","0,00"
388,03.6.2015,"1.000,00",,,"1.000,00","0,00",0,"0,00","0,00"
389,02.6.2015,"1.000,00",,,"1.000,00","0,00",0,"0,00","0,00"
390,01.6.2015,"1.000,00",,,"1.000,00","0,00",0,"0,00","0,00"
391,28.5.2015,"1.000,00",,,"1.000,00","0,00",0,"0,00","0,00"
392,27.5.2015,"1.000,00",,,"1.000,00","0,00",0,"0,00","0,00"
393,26.5.2015,"1.000,00",,,"1.000,00","0,00",0,"0,00","0,00"
394,22.5.2015,"1.000,00",,,"1.000,00","0,00",0,"0,00","0,00"
395,21.5.2015,"1.000,00",,,"1.000,00","0,00",0,"0,00","0,00"
396,20.5.2015,"1.000,00",,,"1.000,00","0,00",0,"0,00","0,00"
397,19.5.2015,"1.000,00",,,"1.000,00","0,00",0,"0,00","0,00"
398,18.5.2015,"1.000,00",,,"1.000,00","0,00",0,"0,00","0,00"
399,15.5.2015,"1.000,00",,,"1.000,00","0,00",0,"0,00","0,00"
400,14.5.2015,"1.000,00",,,"1.000,00","0,00",0,"0,00","0,00"
401,13.5.2015,"1.000,00",,,"1.000,00","0,00",0,"0,00","0,00"
402,12.5.2015,"1.000,00",,,"1.000,00","0,00",0,"0,00","0,00"
403,11.5.2015,"1.000,00",,,"1.000,00","0,00",0,"0,00","0,00"
404,08.5.2015,"1.000,00",,,"1.000,00","0,00",0,"0,00","0,00"
405,07.5.2015,"1.000,00",,,"1.000,00","0,00",0,"0,00","0,00"
406,06.5.2015,"1.000,00",,,"1.000,00","0,00",0,"0,00","0,00"
407,05.5.2015,"1.000,00",,,"1.000,00","0,00",0,"0,00","0,00"
408,04.5.2015,"1.000,00",,,"1.000,00","0,00",0,"0,00","0,00"
409,30.4.2015,"1.000,00",,,"1.000,00","0,00",0,"0,00","0,00"
410,29.4.2015,"1.000,00",,,"1.000,00","0,00",0,"0,00","0,00"
411,28.4.2015,"1.000,00",,,"1.000,00","0,00",0,"0,00","0,00"
412,27.4.2015,"1.000,00",,,"1.000,00","0,00",0,"0,00","0,00"
413,24.4.2015,"1.000,00",,,"1.000,00","0,00",0,"0,00","0,00"
414,23.4.2015,"1.000,00",,,"1.000,00","0,00",0,"0,00","0,00"
415,22.4.2015,"1.000,00",,,"1.000,00","0,00",0,"0,00","0,00"
416,21.4.2015,"1.000,00",,,"1.000,00","0,00",0,"0,00","0,00"
417,20.4.2015,"1.000,00",,,"1.000,00","0,00",0,"0,00","0,00"
418,17.4.2015,"1.000,00",,,"1.000,00","0,00",0,"0,00","0,00"
419,16.4.2015,"1.000,00",,,"1.000,00","0,00",0,"0,00","0,00"
420,15.4.2015,"1.000,00",,,"1.000,00","0,00",0,"0,00","0,00"
421,14.4.2015,"1.000,00",,,"1.000,00","0,00",0,"0,00","0,00"
422,09.4.2015,"1.000,00",,,"1.000,00","0,00",0,"0,00","0,00"
423,08.4.2015,"1.000,00",,,"1.000,00","0,00",0,"0,00","0,00"
424,07.4.2015,"1.000,00",,,"1.000,00","0,00",0,"0,00","0,00"
425,06.4.2015,"1.000,00",,,"1.000,00","0,00",0,"0,00","0,00"
426,03.4.2015,"1.000,00",,,"1.000,00","0,00",0,"0,00","0,00"
427,02.4.2015,"1.000,00",,,"1.000,00","0,00",0,"0,00","0,00"
428,01.4.2015,"1.000,00",,,"1.000,00","0,00",0,"0,00","0,00"
429,31.3.2015,"1.000,00",,,"1.000,00","0,00",0,"0,00","0,00"
430,30.3.2015,"1.000,00",,,"1.000,00","0,00",0,"0,00","0,00"
431,27.3.2015,"1.000,00",,,"1.000,00","0,00",0,"0,00","0,00"
432,26.3.2015,"1.000,00",,,"1.000,00","0,00",0,"0,00","0,00"
433,25.3.2015,"1.000,00",,,"1.000,00","0,00",0,"0,00","0,00"
434,24.3.2015,"1.000,00",,,"1.000,00","0,00",0,"0,00","0,00"
435,23.3.2015,"1.000,00",,,"1.000,00","0,00",0,"0,00","0,00"
436,20.3.2015,"1.000,00",,,"1.000,00","0,00",0,"0,00","0,00"
437,19.3.2015,"1.000,00",,,"1.000,00","0,00",0,"0,00","0,00"
438,18.3.2015,"1.000,00",,,"1.000,00","0,00",0,"0,00","0,00"
439,17.3.2015,"1.000,00",,,"1.000,00","0,00",0,"0,00","0,00"
440,16.3.2015,"1.000,00",,,"1.000,00","0,00",0,"0,00","0,00"
441,13.3.2015,"1.000,00",,,"1.000,00","0,00",0,"0,00","0,00"
442,12.3.2015,"1.000,00",,,"1.000,00","0,00",0,"0,00","0,00"
443,11.3.2015,"1.000,00",,,"1.000,00","0,00",0,"0,00","0,00"
444,10.3.2015,"1.000,00",,,"1.000,00","0,00",0,"0,00","0,00"
445,09.3.2015,"1.000,00",,,"1.000,00","0,00",0,"0,00","0,00"
446,06.3.2015,"1.000,00",,,"1.000,00","0,00",0,"0,00","0,00"
447,05.3.2015,"1.000,00",,,"1.000,00","0,00",0,"0,00","0,00"
448,04.3.2015,"1.000,00",,,"1.000,00","0,00",0,"0,00","0,00"
449,03.3.2015,"1.000,00",,,"1.000,00","0,00",0,"0,00","0,00"
450,02.3.2015,"1.000,00",,,"1.000,00","0,00",0,"0,00","0,00"
451,27.2.2015,"1.000,00",,,"1.000,00","0,00",0,"0,00","0,00"
452,26.2.2015,"1.000,00",,,"1.000,00","0,00",0,"0,00","0,00"
453,25.2.2015,"1.000,00",,,"1.000,00","0,00",0,"0,00","0,00"
454,24.2.2015,"1.000,00",,,"1.000,00","0,00",0,"0,00","0,00"
455,23.2.2015,"1.000,00",,,"1.000,00","0,00",0,"0,00","0,00"
456,20.2.2015,"1.000,00",,,"1.000,00","0,00",0,"0,00","0,00"
457,19.2.2015,"1.000,00",,,"1.000,00","0,00",0,"0,00","0,00"
458,18.2.2015,"1.000,00",,,"1.000,00","0,00",0,"0,00","0,00"
459,17.2.2015,"1.000,00",,,"1.000,00","0,00",0,"0,00","0,00"
460,16.2.2015,"1.000,00",,,"1.000,00","0,00",0,"0,00","0,00"
461,13.2.2015,"1.000,00",,,"1.000,00","0,00",0,"0,00","0,00"
462,12.2.2015,"1.000,00",,,"1.000,00","0,00",0,"0,00","0,00"
463,11.2.2015,"1.000,00",,,"1.000,00","0,00",0,"0,00","0,00"
464,10.2.2015,"1.000,00",,,"1.000,00","0,00",0,"0,00","0,00"
465,09.2.2015,"1.000,00",,,"1.000,00","0,00",0,"0,00","0,00"
466,06.2.2015,"1.000,00",,,"1.000,00","0,00",0,"0,00","0,00"
467,05.2.2015,"1.000,00",,,"1.000,00","0,00",0,"0,00","0,00"
468,04.2.2015,"1.000,00",,,"1.000,00","0,00",0,"0,00","0,00"
469,03.2.2015,"1.000,00",,,"1.000,00","0,00",0,"0,00","0,00"
470,02.2.2015,"1.000,00",,,"1.000,00","0,00",0,"0,00","0,00"
471,30.1.2015,"1.000,00",,,"1.000,00","0,00",0,"0,00","0,00"
472,29.1.2015,"1.000,00",,,"1.000,00","0,00",0,"0,00","0,00"
473,28.1.2015,"1.000,00",,,"1.000,00","0,00",0,"0,00","0,00"
474,27.1.2015,"1.000,00",,,"1.000,00","0,00",0,"0,00","0,00"
475,26.1.2015,"1.000,00",,,"1.000,00","0,00",0,"0,00","0,00"
476,23.1.2015,"1.000,00",,,"1.000,00","0,00",0,"0,00","0,00"
477,22.1.2015,"1.000,00",,,"1.000,00","0,00",0,"0,00","0,00"
478,21.1.2015,"1.000,00",,,"1.000,00","0,00",0,"0,00","0,00"
479,20.1.2015,"1.000,00",,,"1.000,00","0,00",0,"0,00","0,00"
480,16.1.2015,"1.000,00",,,"1.000,00","0,00",0,"0,00","0,00"
481,15.1.2015,"1.000,00",,,"1.000,00","0,00",0,"0,00","0,00"
482,14.1.2015,"1.000,00",,,"1.000,00","0,00",0,"0,00","0,00"
483,13.1.2015,"1.000,00",,,"1.000,00","0,00",0,"0,00","0,00"
484,12.1.2015,"1.000,00",,,"1.000,00","0,00",0,"0,00","0,00"
485,09.1.2015,"1.000,00",,,"1.000,00","0,00",0,"0,00","0,00"
486,08.1.2015,"1.000,00",,,"1.000,00","0,00",0,"0,00","0,00"
487,05.1.2015,"1.000,00",,,"1.000,00","0,00",0,"0,00","0,00"
488,02.1.2015,"1.000,00",,,"1.000,00","0,00",0,"0,00","0,00"
489,30.12.2024,"1.000,00",,,"1.000,00","0,00",0,"0,00","0,00"
490,27.12.2024,"1.000,00",,,"1.000,00","0,00",0,"0,00","0,00"
491,26.12.2024,"1.000,00",,,"1.000,00","0,00",0,"0,00","0,00"
492,25.12.2024,"1.000,00",,,"1.000,00","0,00",0,"0,00","0,00"
493,24.12.2024,"1.000,00",,,"1.000,00","0,00",0,"0,00","0,00"
494,23.12.2024,"1.000,00",,,"1.000,00","0,00",0,"0,00","0,00"
495,20.12.2024,"1.000,00",,,"1.000,00","0,00",0,"0,00","0,00"
496,19.12.2024,"1.000,00",,,"1.000,00","0,00",0,"0,00","0,00"
497,18.12.2024,"1.000,00",,,"1.000,00","0,00",0,"0,00","0,00"
498,17.12.2024,"1.000,00",,,"1.000,00","0,00",0,"0,00","0,00"
499,16.12.2024,"1.000,00",,,"1.000,00","0,00",0,"0,00","0,00"
500,13.12.2024,"1.000,00",,,"1.000,00","0,00",0,"0,00","0,00"
501,12.12.2024,"1.000,00",,,"1.000,00","0,00",0,"0,00","0,00"
502,11.12.2024,"1.000,00",,,"1.000,00","0,00",0,"0,00","0,00"
503,10.12.2024,"1.000,00",,,"1.000,00","0,00",0,"0,00","0,00"
504,06.12.2024,"1.000,00",,,"1.000,00","0,00",0,"0,00","0,00"
505,05.12.2024,"1.000,00",,,"1.000,00","0,00",0,"0,00","0,00"
506,04.12.2024,"1.000,00",,,"1.000,00","0,00",0,"0,00","0,00"
507,03.12.2024,"1.000,00",,,"1.000,00","0,00",0,"0,00","0,00"
508,02.12.2024,"1.000,00",,,"1.000,00","0,00",0,"0,00","0,00"
509,29.11.2024,"1.000,00",,,"1.000,00","0,00",0,"0,00","0,00"
510,28.11.2024,"1.000,00",,,"1.000,00","0,00",0,"0,00","0,00"
511,27.11.2024,"1.000,00",,,"1.000,00","0,00",0,"0,00","0,00"
512,26.11.2024,"1.000,00",,,"1.000,00","0,00",0,"0,00","0,00"
513,25.11.2024,"1.000,00",,,"1.000,00","0,00",0,"0,00","0,00"
514,22.11.2024,"1.000,00",,,"1.000,00","0,00",0,"0,00","0,00"
515,21.11.2024,"1.000,00",,,"1.000,00","0,00",0,"0,00","0,00"
516,20.11.2024,"1.000,00",,,"1.000,00","0,00",0,"0,00","0,00"
517,19.11.2024,"1.000,00",,,"1.000,00","0,00",0,"0,00","0,00"
518,18.11.2024,"1.000,00",,,"1.000,00","0,00",0,"0,00","0,00"
519,15.11.2024,"1.000,00",,,"1.000,00","0,00",0,"0,00","0,00"
520,14.11.2024,"1.000,00",,,"1.000,00","0,00",0,"0,00","0,00"
521,13.11.2024,"1.000,00",,,"1.000,00","0,00",0,"0,00","0,00"
522,12.11.2024,"1.000,00",,,"1.000,00","0,00",0,"0,00","0,00"
523,11.11.2024,"1.000,00",,,"1.000,00","0,00",0,"0,00","0,00"
524,08.11.2024,"1.000,00",,,"1.000,00","0,00",0,"0,00","0,00"
525,07.11.2024,"1.000,00",,,"1.000,00","0,00",0,"0,00","0,00"
526,06.11.2024,"1.000,00",,,"1.000,00","0,00",0,"0,00","0,00"
527,05.11.2024,"1.000,00",,,"1.000,00","0,00",0,"0,00","0,00"
528,04.11.2024,"1.000,00",,,"1.000,00","0,00",0,"0,00","0,00"
529,01.11.2024,"1.000,00",,,"1.000,00","0,00",0,"0,00","0,00"
530,31.10.2024,"1.000,00",,,"1.000,00","0,00",0,"0,00","0,00"
531,30.10.2024,"1.000,00",,,"1.000,00","0,00",0,"0,00","0,00"
532,29.10.2024,"1.000,00",,,"1.000,00","0,00",0,"0,00","0,00"
533,28.10.2024,"1.000,00",,,"1.000,00","0,00",0,"0,00","0,00"
534,25.10.2024,"1.000,00",,,"1.000,00","0,00",0,"0,00","0,00"
535,24.10.2024,"1.000,00",,,"1.000,00","0,00",0,"0,00","0,00"
536,22.10.2024,"1.000,00",,,"1.000,00","0,00",0,"0,00","0,00"
537,21.10.2024,"1.000,00",,,"1.000,00","0,00",0,"0,00","0,00"
538,18.10.2024,"1.000,00",,,"1.000,00","0,00",0,"0,00","0,00"
539,17.10.2024,"1.000,00",,,"1.000,00","0,00",0,"0,00","0,00"
540,16.10.2024,"1.000,00",,,"1.000,00","0,00",0,"0,00","0,00"
541,15.10.2024,"1.000,00",,,"1.000,00","0,00",0,"0,00","0,00"
542,14.10.2024,"1.000,00",,,"1.000,00","0,00",0,"0,00","0,00"
543,10.10.2024,"1.000,00",,,"1.000,00","0,00",0,"0,00","0,00"
544,09.10.2024,"1.000,00",,,"1.000,00","0,00",0,"0,00","0,00"
545,08.10.2024,"1.000,00",,,"1.000,00","0,00",0,"0,00","0,00"
546,07.10.2024,"1.000,00",,,"1.000,00","0,00",0,"0,00","0,00"
547,04.10.2024,"1.000,00",,,"1.000,00","0,00",0,"0,00","0,00"
548,03.10.2024,"1.000,00",,,"1.000,00","0,00",0,"0,00","0,00"
549,02.10.2024,"1.000,00",,,"1.000,00","0,00",0,"0,00","0,00"
550,01.10.2024,"1.000,00",,,"1.000,00","0,00",0,"0,00","0,00"
551,30.9.2024,"1.000,00",,,"1.000,00","0,00",0,"0,00","0,00"
552,27.9.2024,"1.000,00",,,"1.000,00","0,00",0,"0,00","0,00"
553,26.9.2024,"1.000,00",,,"1.000,00","0,00",0,"0,00","0,00"
554,25.9.2024,"1.000,00",,,"1.000,00","0,00",0,"0,00","0,00"
555,24.9.2024,"1.000,00",,,"1.000,00","0,00",0,"0,00","0,00"
556,23.9.2024,"1.000,00",,,"1.000,00","0,00",0,"0,00","0,00"
557,20.9.2024,"1.000,00",,,"1.000,00","0,00",0,"0,00","0,00"
558,19.9.2024,"1.000,00",,,"1.000,00","0,00",0,"0,00","0,00"
559,18.9.2024,"1.000,00",,,"1.000,00","0,00",0,"0,00","0,00"
560,17.9.2024,"1.000,00",,,"1.000,00","0,00",0,"0,00","0,00"
561,16.9.2024,"1.000,00",,,"1.000,00","0,00",0,"0,00","0,00"
562,13.9.2024,"1.000,00",,,"1.000,00","0,00",0,"0,00","0,00"
563,12.9.2024,"1.000,00",,,"1.000,00","0,00",0,"0,00","0,00"
564,11.9.2024,"1.000,00",,,"1.000,00","0,00",0,"0,00","0,00"
565,10.9.2024,"1.000,00",,,"1.000,00","0,00",0,"0,00","0,00"
566,06.9.2024,"1.000,00",,,"1.000,00","0,00",0,"0,00","0,00"
567,05.9.2024,"1.000,00",,,"1.000,00","0,00",0,"0,00","0,00"
568,04.9.2024,"1.000,00",,,"1.000,00","0,00",0,"0,00","0,00"
569,03.9.2024,"1.000,00",,,"1.000,00","0,00",0,"0,00","0,00"
570,02.9.2024,"1.000,00",,,"1.000,00","0,00",0,"0,00","0,00"
571,30.8.2024,"1.000,00",,,"1.000,00","0,00",0,"0,00","0,00"
572,29.8.2024,"1.000,00",,,"1.000,00","0,00",0,"0,00","0,00"
573,27.8.2024,"1.000,00",,,"1.000,00","0,00",0,"0,00","0,00"
574,26.8.2024,"1.000,00",,,"1.000,00","0,00",0,"0,00","0,00"
575,23.8.2024,"1.000,00",,,"1.000,00","0,00",0,"0,00","0,00"
576,22.8.2024,"1.000,00",,,"1.000,00","0,00",0,"0,00","0,00"
577,21.8.2024,"1.000,00",,,"1.000,00","0,00",0,"0,00","0,00"
578,20.8.2024,"1.000,00",,,"1.000,00","0,00",0,"0,00","0,00"
579,19.8.2024,"1.000,00",,,"1.000,00","0,00",0,"0,00","0,00"
580,16.8.2024,"1.000,00",,,"1.000,00","0,00",0,"0,00","0,00"
581,15.8.2024,"1.000,00",,,"1.000,00","0,00",0,"0,00","0,00"
582,14.8.2024,"1.000,00",,,"1.000,00","0,00",0,"0,00","0,00"
583,13.8.2024,"1.000,00",,,"1.000,00","0,00",0,"0,00","0,00"
584,12.8.2024,"1.000,00",,,"1.000,00","0,00",0,"0,00","0,00"
585,09.8.2024,"1.000,00",,,"1.000,00","0,00",0,"0,00","0,00"
586,08.8.2024,"1.000,00",,,"1.000,00","0,00",0,"0,00","0,00"
587,07.8.2024,"1.000,00",,,"1.000,00","0,00",0,"0,00","0,00"
588,06.8.2024,"1.000,00",,,"1.000,00","0,00",0,"0,00","0,00"
589,05.8.2024,"1.000,00",,,"1.000,00","0,00",0,"0,00","0,00"
590,01.8.2024,"1.000,00",,,"1.000,00","0,00",0,"0,00","0,00"
591,31.7.2024,"1.000,00",,,"1.000,00","0,00",0,"0,00","0,00"
592,30.7.2024,"1.000,00",,,"1.000,00","0,00",0,"0,00","0,00"
593,29.7.2024,"1.000,00",,,"1.000,00","0,00",0,"0,00","0,00"
594,26.7.2024,"1.000,00",,,"1.000,00","0,00",0,"0,00","0,00"
595,25.7.2024,"1.000,00",,,"1.000,00","0,00",0,"0,00","0,00"
596,24.7.2024,"1.000,00",,,"1.000,00","0,00",0,"0,00","0,00"
597,23.7.2024,"1.000,00",,,"1.000,00","0,00",0,"0,00","0,00"
598,22.7.2024,"1.000,00",,,"1.000,00","0,00",0,"0,00","0,00"
599,19.7.2024,"1.000,00",,,"1.000,00","0,00",0,"0,00","0,00"
600,18.7.2024,"1.000,00",,,"1.000,00","0,00",0,"0,00","0,00"
601,17.7.2024,"1.000,00",,,"1.000,00","0,00",0,"0,00","0,00"
602,16.7.2024,"1.000,00",,,"1.000,00","0,00",0,"0,00","0,00"
603,15.7.2024,"1.000,00",,,"1.000,00","0,00",0,"0,00","0,00"
604,12.7.2024,"1.000,00",,,"1.000,00","0,00",0,"0,00","0,00"
605,11.7.2024,"1.000,00",,,"1.000,00","0,00",0,"0,00","0,00"
606,10.7.2024,"1.000,00",,,"1.000,00","0,00",0,"0,00","0,00"
607,09.7.2024,"1.000,00",,,"1.000,00","0,00",0,"0,00","0,00"
608,08.7.2024,"1.000,00",,,"1.000,00","0,00",0,"0,00","0,00"
609,05.7.2024,"1.000,00",,,"1.000,00","0,00",0,"0,00","0,00"
610,04.7.2024,"1.000,00",,,"1.000,00","0,00",0,"0,00","0,00"
611,03.7.2024,"1.000,00",,,"1.000,00","0,00",0,"0,00","0,00"
612,02.7.2024,"1.000,00",,,"1.000,00","0,00",0,"0,00","0,00"
613,01.7.2024,"1.000,00",,,"1.000,00","0,00",0,"0,00","0,00"
614,28.6.2024,"1.000,00",,,"1.000,00","0,00",0,"0,00","0,00"
615,27.6.2024,"1.000,00",,,"1.000,00","0,00",0,"0,00","0,00"
616,26.6.2024,"1.000,00",,,"1.000,00","0,00",0,"0,00","0,00"
617,25.6.2024,"1.000,00",,,"1.000,00","0,00",0,"0,00","0,00"
618,24.6.2024,"1.000,00",,,"1.000,00","0,00",0,"0,00","0,00"
619,20.6.2024,"1.000,00",,,"1.000,00","0,00",0,"0,00","0,00"
620,19.6.2024,"1.000,00",,,"1.000,00","0,00",0,"0,00","0,00"
621,18.6.2024,"1.000,00",,,"1.000,00","0,00",0,"0,00","0,00"
622,17.6.2024,"1.000,00",,,"1.000,00","0,00",0,"0,00","0,00"
623,14.6.2024,"1.000,00",,,"1.000,00","0,00",0,"0,00","0,00"
624,13.6.2024,"1.000,00",,,"1.000,00","0,00",0,"0,00","0,00"
625,12.6.2024,"1.000,00",,,"1.000,00","0,00",0,"0,00","0,00"
626,11.6.2024,"1.000,00",,,"1.000,00","0,00",0,"0,00","0,00"
627,10.6.2024,"1.000,00",,,"1.000,00","0,00",0,"0,00","0,00"
628,07.6.2024,"1.000,00",,,"1.000,00","0,00",0,"0,00","0,00"
629,06.6.2024,"1.000,00",,,"1.000,00","0,00",0,"0,00","0,00"
630,05.6.2024,"1.000,00",,,"1.000,00","0,00",0,"0,00","0,00"
631,04.6.2024,"1.000,00",,,"1.000,00","0,00",0,"0,00","0,00"
632,03.6.2024,"1.000,00",,,"1.000,00","0,00",0,"0,00","0,00"
633,31.5.2024,"1.000,00",,,"1.000,00","0,00",0,"0,00","0,00"
634,30.5.2024,"1.000,00",,,"1.000,00","0,00",0,"0,00","0,00"
635,29.5.2024,"1.000,00",,,"1.000,00","0,00",0,"0,00","0,00"
636,28.5.2024,"1.000,00",,,"1.000,00","0,00",0,"0,00","0,00"
637,27.5.2024,"1.000,00",,,"1.000,00","0,00",0,"0,00","0,00"
638,23.5.2024,"1.000,00",,,"1.000,00","0,00",0,"0,00","0,00"
639,22.5.2024,"1.000,00",,,"1.000,00","0,00",0,"0,00","0,00"
640,21.5.2024,"1.000,00",,,"1.000,00","0,00",0,"0,00","0,00"
641,20.5.2024,"1.000,00",,,"1.000,00","0,00",0,"0,00","0,00"
642,17.5.2024,"1.000,00",,,"1.000,00","0,00",0,"0,00","0,00"
643,16.5.2024,"1.000,00",,,"1.000,00","0,00",0,"0,00","0,00"
644,15.5.2024,"1.000,00",,,"1.000,00","0,00",0,"0,00","0,00"
645,14.5.2024,"1.000,00",,,"1.000,00","0,00",0,"0,00","0,00"
646,13.5.2024,"1.000,00",,,"1.000,00","0,00",0,"0,00","0,00"
647,10.5.2024,"1.000,00",,,"1.000,00","0,00",0,"0,00","0,00"
648,09.5.2024,"1.000,00",,,"1.000,00","0,00",0,"0,00","0,00"
649,07.5.2024,"1.000,00",,,"1.000,00","0,00",0,"0,00","0,00"
650,02.5.2024,"1.000,00",,,"1.000,00","0,00",0,"0,00","0,00"
651,30.4.2024,"1.000,00",,,"1.000,00","0,00",0,"0,00","0,00"
652,29.4.2024,"1.000,00",,,"1.000,00","0,00",0,"0,00","0,00"
653,26.4.2024,"1.000,00",,,"1.000,00","0,00",0,"0,00","0,00"
654,25.4.2024,"1.000,00",,,"1.000,00","0,00",0,"0,00","0,00"
655,23.4.2024,"1.000,00",,,"1.000,00","0,00",0,"0,00","0,00"
656,22.4.2024,"1.000,00",,,"1.000,00","0,00",0,"0,00","0,00"
657,19.4.2024,"1.000,00","1.000,00","1.000,00","1.000,00","0,00",853,"853.000,00","853.000,00"
658,18.4.2024,"1.000,00",,,"1.000,00","0,00",0,"0,00","0,00"
659,17.4.2024,"1.000,00",,,"1.000,00","0,00",0,"0,00","0,00"
660,16.4.2024,"1.000,00",,,"1.000,00","0,00",0,"0,00","0,00"
661,15.4.2024,"1.000,00",,,"1.000,00","0,00",0,"0,00","0,00"
662,12.4.2024,"1.000,00",,,"1.000,00","0,00",0,"0,00","0,00"
663,11.4.2024,"1.000,00",,,"1.000,00","0,00",0,"0,00","0,00"
664,09.4.2024,"1.000,00",,,"1.000,00","0,00",0,"0,00","0,00"
665,17.1.2025,"1.000,00",,,"1.000,00","0,00",0,"0,00","0,00"
666,16.1.2025,"1.000,00",,,"1.000,00","0,00",0,"0,00","0,00"
667,15.1.2025,"1.000,00",,,"1.000,00","0,00",0,"0,00","0,00"
668,14.1.2025,"1.000,00",,,"1.000,00","0,00",0,"0,00","0,00"
669,13.1.2025,"1.000,00",,,"1.000,00","0,00",0,"0,00","0,00"
670,10.1.2025,"1.000,00",,,"1.000,00","0,00",0,"0,00","0,00"
671,09.1.2025,"1.000,00",,,"1.000,00","0,00",0,"0,00","0,00"
672,08.1.2025,"1.000,00",,,"1.000,00","0,00",0,"0,00","0,00"
673,03.1.2025,"1.000,00",,,"1.000,00","0,00",0,"0,00","0,00"
674,02.1.2025,"1.000,00",,,"1.000,00","0,00",0,"0,00","0,00"
